{
  "average_rms_amplitude": 0.11641649051258961,
  "average_peak_amplitude": 0.6167673746744792,
  "recorded_at": "2026-07-02T13:30:27.542005Z"
}